Water body,Species,Year,age_yrs,length_cm
Curonian Lagoon,Starkis,1965,2,6.021
Curonian Lagoon,Starkis,1965,4,16.47
Curonian Lagoon,Starkis,1965,5,20.115
Curonian Lagoon,Starkis,1965,6,24.003
Curonian Lagoon,Starkis,1965,7,28.539
Curonian Lagoon,Starkis,1965,8,34.29
Curonian Lagoon,Starkis,1965,9,36.558
Curonian Lagoon,Starkis,1964,1,1.323
Curonian Lagoon,Starkis,1964,2,3.186
Curonian Lagoon,Starkis,1964,4,16.47
Curonian Lagoon,Starkis,1964,5,20.601
Curonian Lagoon,Starkis,1964,6,24.003
Curonian Lagoon,Starkis,1964,7,28.377
Curonian Lagoon,Starkis,1964,8,35.505
Curonian Lagoon,Starkis,1979,6,35.91
Curonian Lagoon,Starkis,1979,3,20.52
Curonian Lagoon,Starkis,1979,5,31.05
Curonian Lagoon,Starkis,1979,6,35.1
Curonian Lagoon,Starkis,1979,6,35.1
Curonian Lagoon,Starkis,1979,6,31.86
Curonian Lagoon,Starkis,1979,7,39.96
Curonian Lagoon,Starkis,1979,6,36.72
Curonian Lagoon,Starkis,1979,6,37.53
Curonian Lagoon,Starkis,1979,6,36.72
Curonian Lagoon,Starkis,1979,6,35.91
Curonian Lagoon,Starkis,1979,6,35.91
Curonian Lagoon,Starkis,1979,6,35.1
Curonian Lagoon,Starkis,1979,4,22.95
Curonian Lagoon,Starkis,1979,4,22.14
Curonian Lagoon,Starkis,1979,8,41.58
Curonian Lagoon,Starkis,1979,5,33.48
Curonian Lagoon,Starkis,1979,5,31.05
Curonian Lagoon,Starkis,1979,5,32.67
Curonian Lagoon,Starkis,1979,6,35.91
Curonian Lagoon,Starkis,1979,6,37.53
Curonian Lagoon,Starkis,1979,6,35.1
Curonian Lagoon,Starkis,1979,6,36.72
Curonian Lagoon,Starkis,1979,5,33.48
Curonian Lagoon,Starkis,1979,4,26.19
Curonian Lagoon,Starkis,1979,4,22.95
Curonian Lagoon,Starkis,1979,7,40.77
Curonian Lagoon,Starkis,1979,6,35.91
Curonian Lagoon,Starkis,1979,2,14.85
Curonian Lagoon,Starkis,1979,4,31.05
Curonian Lagoon,Starkis,1979,4,31.86
Curonian Lagoon,Starkis,1979,5,35.1
Curonian Lagoon,Starkis,1979,4,30.24
Curonian Lagoon,Starkis,1979,4,29.43
Curonian Lagoon,Starkis,1979,3,23.76
Curonian Lagoon,Starkis,1979,1,6.75
Curonian Lagoon,Starkis,1979,4,30.24
Curonian Lagoon,Starkis,1979,3,24.57
Curonian Lagoon,Starkis,1979,3,22.95
Curonian Lagoon,Starkis,1979,1,6.75
Curonian Lagoon,Starkis,1979,1,6.75
Curonian Lagoon,Starkis,1979,1,7.56
Curonian Lagoon,Starkis,1979,1,9.99
Curonian Lagoon,Starkis,1979,1,6.75
Curonian Lagoon,Starkis,1979,1,5.94
Curonian Lagoon,Starkis,1979,1,6.75
Curonian Lagoon,Starkis,1979,3,20.52
Curonian Lagoon,Starkis,1979,1,7.56
Curonian Lagoon,Starkis,1979,5,34.29
Curonian Lagoon,Starkis,1979,1,7.56
Curonian Lagoon,Starkis,1979,1,8.37
Curonian Lagoon,Starkis,1979,1,5.94
Curonian Lagoon,Starkis,1979,1,8.37
Curonian Lagoon,Starkis,1979,3,26.19
Curonian Lagoon,Starkis,1979,3,24.57
Curonian Lagoon,Starkis,1979,5,35.91
Curonian Lagoon,Starkis,1979,3,25.38
Curonian Lagoon,Starkis,1979,5,31.86
Curonian Lagoon,Starkis,1979,3,27.81
Curonian Lagoon,Starkis,1979,3,24.57
Curonian Lagoon,Starkis,1979,3,25.38
Curonian Lagoon,Starkis,1979,3,24.57
Curonian Lagoon,Starkis,1979,5,35.1
Curonian Lagoon,Starkis,1979,4,32.67
Curonian Lagoon,Starkis,1979,4,30.24
Curonian Lagoon,Starkis,1979,4,28.62
Curonian Lagoon,Starkis,1979,3,27
Curonian Lagoon,Starkis,1979,3,27.81
Curonian Lagoon,Starkis,1979,3,24.57
Curonian Lagoon,Starkis,1979,3,23.76
Curonian Lagoon,Starkis,1979,3,26.19
Curonian Lagoon,Starkis,1979,3,25.38
Curonian Lagoon,Starkis,1979,3,22.95
Curonian Lagoon,Starkis,1979,2,16.47
Curonian Lagoon,Starkis,1979,2,15.66
Curonian Lagoon,Starkis,1979,3,27.81
Curonian Lagoon,Starkis,1979,4,31.86
Curonian Lagoon,Starkis,1979,4,29.43
Curonian Lagoon,Starkis,1979,3,24.57
Curonian Lagoon,Starkis,1979,3,27
Curonian Lagoon,Starkis,1979,3,22.14
Curonian Lagoon,Starkis,1979,3,22.14
Curonian Lagoon,Starkis,1979,2,17.28
Curonian Lagoon,Starkis,1979,1,9.99
Curonian Lagoon,Starkis,1979,3,27
Curonian Lagoon,Starkis,1979,3,26.19
Curonian Lagoon,Starkis,1979,2,16.47
Curonian Lagoon,Starkis,1980,6,32.67
Curonian Lagoon,Starkis,1980,5,29.43
Curonian Lagoon,Starkis,1980,5,29.43
Curonian Lagoon,Starkis,1980,2,9.99
Curonian Lagoon,Starkis,1980,2,9.99
Curonian Lagoon,Starkis,1980,5,29.43
Curonian Lagoon,Starkis,1980,7,38.34
Curonian Lagoon,Starkis,1980,5,30.24
Curonian Lagoon,Starkis,1980,4,25.38
Curonian Lagoon,Starkis,1980,2,9.18
Curonian Lagoon,Starkis,1980,6,35.1
Curonian Lagoon,Starkis,1980,3,18.9
Curonian Lagoon,Starkis,1980,4,27
Curonian Lagoon,Starkis,1980,6,34.29
Curonian Lagoon,Starkis,1980,7,39.15
Curonian Lagoon,Starkis,1980,7,39.15
Curonian Lagoon,Starkis,1980,2,10.8
Curonian Lagoon,Starkis,1980,6,35.1
Curonian Lagoon,Starkis,1980,7,39.15
Curonian Lagoon,Starkis,1980,6,35.91
Curonian Lagoon,Starkis,1980,5,30.24
Curonian Lagoon,Starkis,1980,6,32.67
Curonian Lagoon,Starkis,1980,4,27.81
Curonian Lagoon,Starkis,1980,3,22.14
Curonian Lagoon,Starkis,1980,2,9.99
Curonian Lagoon,Starkis,1980,5,29.43
Curonian Lagoon,Starkis,1980,5,29.43
Curonian Lagoon,Starkis,1980,7,37.53
Curonian Lagoon,Starkis,1980,7,38.34
Curonian Lagoon,Starkis,1980,6,35.91
Curonian Lagoon,Starkis,1980,7,39.96
Curonian Lagoon,Starkis,1980,6,36.72
Curonian Lagoon,Starkis,1980,6,35.91
Curonian Lagoon,Starkis,1980,2,11.61
Curonian Lagoon,Starkis,1980,4,25.38
Curonian Lagoon,Starkis,1980,6,33.48
Curonian Lagoon,Starkis,1980,6,31.86
Curonian Lagoon,Starkis,1980,3,22.14
Curonian Lagoon,Starkis,1980,5,32.67
Curonian Lagoon,Starkis,1980,6,38.34
Curonian Lagoon,Starkis,1980,6,38.34
Curonian Lagoon,Starkis,1980,2,16.47
Curonian Lagoon,Starkis,1980,2,14.04
Curonian Lagoon,Starkis,1980,2,15.66
Curonian Lagoon,Starkis,1980,2,11.61
Curonian Lagoon,Starkis,1980,2,13.23
Curonian Lagoon,Starkis,1980,2,13.23
Curonian Lagoon,Starkis,1980,2,10.8
Curonian Lagoon,Starkis,1980,6,37.53
Curonian Lagoon,Starkis,1980,5,34.29
Curonian Lagoon,Starkis,1980,6,35.91
Curonian Lagoon,Starkis,1980,4,28.62
Curonian Lagoon,Starkis,1980,5,31.05
Curonian Lagoon,Starkis,1980,2,12.42
Curonian Lagoon,Starkis,1980,2,13.23
Curonian Lagoon,Starkis,1980,2,13.23
Curonian Lagoon,Starkis,1980,6,37.53
Curonian Lagoon,Starkis,1980,6,37.53
Curonian Lagoon,Starkis,1980,6,35.91
Curonian Lagoon,Starkis,1980,6,37.53
Curonian Lagoon,Starkis,1980,4,28.62
Curonian Lagoon,Starkis,1980,4,29.43
Curonian Lagoon,Starkis,1980,5,32.67
Curonian Lagoon,Starkis,1980,6,34.29
Curonian Lagoon,Starkis,1980,6,34.29
Curonian Lagoon,Starkis,1980,4,30.24
Curonian Lagoon,Starkis,1980,4,27.81
Curonian Lagoon,Starkis,1980,5,32.67
Curonian Lagoon,Starkis,1980,6,35.91
Curonian Lagoon,Starkis,1980,2,15.66
Curonian Lagoon,Starkis,1980,5,32.67
Curonian Lagoon,Starkis,1980,5,31.86
Curonian Lagoon,Starkis,1980,4,29.43
Curonian Lagoon,Starkis,1980,6,38.34
Curonian Lagoon,Starkis,1980,5,34.29
Curonian Lagoon,Starkis,1980,5,32.67
Curonian Lagoon,Starkis,1980,5,30.24
Curonian Lagoon,Starkis,1980,5,34.29
Curonian Lagoon,Starkis,1980,4,29.43
Curonian Lagoon,Starkis,1981,5,30.24
Curonian Lagoon,Starkis,1981,5,30.24
Curonian Lagoon,Starkis,1981,5,32.67
Curonian Lagoon,Starkis,1981,6,32.67
Curonian Lagoon,Starkis,1981,5,33.48
Curonian Lagoon,Starkis,1981,5,30.24
Curonian Lagoon,Starkis,1981,5,28.62
Curonian Lagoon,Starkis,1981,5,31.05
Curonian Lagoon,Starkis,1981,5,30.24
Curonian Lagoon,Starkis,1981,5,31.86
Curonian Lagoon,Starkis,1981,5,27.81
Curonian Lagoon,Starkis,1981,5,30.24
Curonian Lagoon,Starkis,1981,5,30.24
Curonian Lagoon,Starkis,1981,5,30.24
Curonian Lagoon,Starkis,1981,5,30.24
Curonian Lagoon,Starkis,1981,5,29.43
Curonian Lagoon,Starkis,1981,6,35.1
Curonian Lagoon,Starkis,1981,5,30.24
Curonian Lagoon,Starkis,1981,5,31.86
Curonian Lagoon,Starkis,1981,5,32.67
Curonian Lagoon,Starkis,1981,5,31.86
Curonian Lagoon,Starkis,1981,5,30.24
Curonian Lagoon,Starkis,1981,5,31.86
Curonian Lagoon,Starkis,1981,6,35.91
Curonian Lagoon,Starkis,1981,5,30.24
Curonian Lagoon,Starkis,1981,5,29.43
Curonian Lagoon,Starkis,1981,5,29.43
Curonian Lagoon,Starkis,1981,6,33.48
Curonian Lagoon,Starkis,1981,6,36.72
Curonian Lagoon,Starkis,1981,8,43.2
Curonian Lagoon,Starkis,1981,6,34.29
Curonian Lagoon,Starkis,1981,5,31.05
Curonian Lagoon,Starkis,1981,6,33.48
Curonian Lagoon,Starkis,1981,6,32.67
Curonian Lagoon,Starkis,1981,7,39.15
Curonian Lagoon,Starkis,1981,7,39.96
Curonian Lagoon,Starkis,1981,6,31.86
Curonian Lagoon,Starkis,1981,3,20.52
Curonian Lagoon,Starkis,1981,3,20.52
Curonian Lagoon,Starkis,1981,3,17.28
Curonian Lagoon,Starkis,1981,3,18.9
Curonian Lagoon,Starkis,1981,8,44.01
Curonian Lagoon,Starkis,1981,3,18.09
Curonian Lagoon,Starkis,1981,2,17.28
Curonian Lagoon,Starkis,1981,3,21.33
Curonian Lagoon,Starkis,1981,3,18.09
Curonian Lagoon,Starkis,1981,3,19.71
Curonian Lagoon,Starkis,1981,2,16.47
Curonian Lagoon,Starkis,1981,2,17.28
Curonian Lagoon,Starkis,1981,2,14.85
Curonian Lagoon,Starkis,1981,3,20.52
Curonian Lagoon,Starkis,1981,3,20.52
Curonian Lagoon,Starkis,1981,3,18.9
Curonian Lagoon,Starkis,1981,1,9.99
Curonian Lagoon,Starkis,1981,3,19.71
Curonian Lagoon,Starkis,1981,2,16.47
Curonian Lagoon,Starkis,1981,3,18.09
Curonian Lagoon,Starkis,1981,3,21.33
Curonian Lagoon,Starkis,1981,5,31.86
Curonian Lagoon,Starkis,1981,5,33.48
Curonian Lagoon,Starkis,1981,3,21.33
Curonian Lagoon,Starkis,1981,3,19.71
Curonian Lagoon,Starkis,1981,2,17.28
Curonian Lagoon,Starkis,1981,2,14.85
Curonian Lagoon,Starkis,1981,6,37.53
Curonian Lagoon,Starkis,1981,6,38.34
Curonian Lagoon,Starkis,1981,5,31.86
Curonian Lagoon,Starkis,1981,5,30.24
Curonian Lagoon,Starkis,1981,6,34.29
Curonian Lagoon,Starkis,1981,6,37.53
Curonian Lagoon,Starkis,1981,6,38.34
Curonian Lagoon,Starkis,1981,6,35.1
Curonian Lagoon,Starkis,1981,5,30.24
Curonian Lagoon,Starkis,1981,5,31.05
Curonian Lagoon,Starkis,1981,3,24.57
Curonian Lagoon,Starkis,1981,4,30.24
Curonian Lagoon,Starkis,1981,3,22.14
Curonian Lagoon,Starkis,1981,3,24.57
Curonian Lagoon,Starkis,1981,3,22.95
Curonian Lagoon,Starkis,1981,3,21.33
Curonian Lagoon,Starkis,1981,6,35.91
Curonian Lagoon,Starkis,1981,3,22.14
Curonian Lagoon,Starkis,1981,5,35.1
Curonian Lagoon,Starkis,1981,2,17.28
Curonian Lagoon,Starkis,1981,3,25.38
Curonian Lagoon,Starkis,1981,3,23.76
Curonian Lagoon,Starkis,1981,3,21.33
Curonian Lagoon,Starkis,1981,4,28.62
Curonian Lagoon,Starkis,1981,6,38.34
Curonian Lagoon,Starkis,1981,5,35.1
Curonian Lagoon,Starkis,1981,4,27
Curonian Lagoon,Starkis,1981,4,26.19
Curonian Lagoon,Starkis,1962,2,19.1187
Curonian Lagoon,Starkis,1962,3,21.9618
Curonian Lagoon,Starkis,1962,3,20.0664
Curonian Lagoon,Starkis,1962,3,24.8049
Curonian Lagoon,Starkis,1962,3,27.648
Curonian Lagoon,Starkis,1962,3,23.8572
Curonian Lagoon,Starkis,1962,3,21.9618
Curonian Lagoon,Starkis,1962,3,21.0141
Curonian Lagoon,Starkis,1962,5,39.0204
Curonian Lagoon,Starkis,1962,6,30.4911
Curonian Lagoon,Starkis,1962,0,-8.17506
Curonian Lagoon,Starkis,1962,0,-8.3646
Curonian Lagoon,Starkis,1962,0,-8.45937
Curonian Lagoon,Starkis,1962,0,-8.08029
Curonian Lagoon,Starkis,1962,0,-7.98552
Curonian Lagoon,Starkis,1962,0,-7.98552
Curonian Lagoon,Starkis,1962,0,-7.4169
Curonian Lagoon,Starkis,1962,1,3.0078
Curonian Lagoon,Starkis,1962,2,8.694
Curonian Lagoon,Starkis,1962,2,10.5894
Curonian Lagoon,Starkis,1962,3,19.1187
Curonian Lagoon,Starkis,1962,3,20.0664
Curonian Lagoon,Starkis,1962,3,16.2756
Curonian Lagoon,Starkis,1962,3,16.2756
Curonian Lagoon,Starkis,1962,3,16.2756
Curonian Lagoon,Starkis,1962,3,16.2756
Curonian Lagoon,Starkis,1962,3,19.1187
Curonian Lagoon,Starkis,1962,3,18.171
Curonian Lagoon,Starkis,1962,3,19.1187
Curonian Lagoon,Starkis,1962,3,14.3802
Curonian Lagoon,Starkis,1962,3,18.171
Curonian Lagoon,Starkis,1962,3,10.5894
Curonian Lagoon,Starkis,1962,3,11.5371
Curonian Lagoon,Starkis,1962,3,13.4325
Curonian Lagoon,Starkis,1962,3,12.4848
Curonian Lagoon,Starkis,1962,3,15.3279
Curonian Lagoon,Starkis,1962,3,12.4848
Curonian Lagoon,Starkis,1962,3,18.171
Curonian Lagoon,Starkis,1962,3,15.3279
Curonian Lagoon,Starkis,1962,3,16.2756
Curonian Lagoon,Starkis,1962,3,13.4325
Curonian Lagoon,Starkis,1962,3,17.2233
Curonian Lagoon,Starkis,1962,3,18.171
Curonian Lagoon,Starkis,1962,3,15.3279
Curonian Lagoon,Starkis,1962,3,12.4848
Curonian Lagoon,Starkis,1962,3,16.2756
Curonian Lagoon,Starkis,1962,3,20.0664
Curonian Lagoon,Starkis,1962,3,14.3802
Curonian Lagoon,Starkis,1962,3,14.3802
Curonian Lagoon,Starkis,1962,3,13.4325
Curonian Lagoon,Starkis,1962,3,12.4848
Curonian Lagoon,Starkis,1962,3,14.3802
Curonian Lagoon,Starkis,1962,3,14.3802
Curonian Lagoon,Starkis,1962,3,16.2756
Curonian Lagoon,Starkis,1962,3,13.4325
Curonian Lagoon,Starkis,1962,3,15.3279
Curonian Lagoon,Starkis,1962,3,14.3802
Curonian Lagoon,Starkis,1962,3,17.2233
Curonian Lagoon,Starkis,1962,3,16.2756
Curonian Lagoon,Starkis,1962,3,16.2756
Curonian Lagoon,Starkis,1962,3,20.0664
Curonian Lagoon,Starkis,1962,3,16.2756
Curonian Lagoon,Starkis,1962,3,17.2233
Curonian Lagoon,Starkis,1962,3,15.3279
Curonian Lagoon,Starkis,1962,3,18.171
Curonian Lagoon,Starkis,1962,3,16.2756
Curonian Lagoon,Starkis,1962,4,23.8572
Curonian Lagoon,Starkis,1962,4,21.9618
Curonian Lagoon,Starkis,1962,4,22.9095
Curonian Lagoon,Starkis,1962,4,24.8049
Curonian Lagoon,Starkis,1962,4,21.0141
Curonian Lagoon,Starkis,1962,4,23.8572
Curonian Lagoon,Starkis,1962,4,27.648
Curonian Lagoon,Starkis,1962,4,23.8572
Curonian Lagoon,Starkis,1962,4,24.8049
Curonian Lagoon,Starkis,1962,4,28.5957
Curonian Lagoon,Starkis,1962,4,21.0141
Curonian Lagoon,Starkis,1962,4,26.7003
Curonian Lagoon,Starkis,1962,4,24.8049
Curonian Lagoon,Starkis,1962,4,19.1187
Curonian Lagoon,Starkis,1962,4,25.7526
Curonian Lagoon,Starkis,1962,4,22.9095
Curonian Lagoon,Starkis,1962,4,19.1187
Curonian Lagoon,Starkis,1962,4,25.7526
Curonian Lagoon,Starkis,1962,4,20.0664
Curonian Lagoon,Starkis,1962,4,21.0141
Curonian Lagoon,Starkis,1962,4,19.1187
Curonian Lagoon,Starkis,1962,4,19.1187
Curonian Lagoon,Starkis,1962,4,22.9095
Curonian Lagoon,Starkis,1962,4,22.9095
Curonian Lagoon,Starkis,1962,4,21.0141
Curonian Lagoon,Starkis,1962,4,21.9618
Curonian Lagoon,Starkis,1962,4,21.9618
Curonian Lagoon,Starkis,1962,4,23.8572
Curonian Lagoon,Starkis,1962,4,22.9095
Curonian Lagoon,Starkis,1962,4,21.0141
Curonian Lagoon,Starkis,1962,4,22.9095
Curonian Lagoon,Starkis,1962,5,32.3865
Curonian Lagoon,Starkis,1962,5,35.2296
Curonian Lagoon,Starkis,1962,6,32.3865
Curonian Lagoon,Starkis,1962,6,39.9681
Curonian Lagoon,Starkis,1962,6,39.0204
Curonian Lagoon,Starkis,1962,7,39.0204
Curonian Lagoon,Starkis,1962,2,23.8572
Curonian Lagoon,Starkis,1962,2,17.2233
Curonian Lagoon,Starkis,1962,2,17.2233
Curonian Lagoon,Starkis,1962,2,21.0141
Curonian Lagoon,Starkis,1962,2,16.2756
Curonian Lagoon,Starkis,1962,2,16.2756
Curonian Lagoon,Starkis,1962,2,21.0141
Curonian Lagoon,Starkis,1962,3,21.9618
Curonian Lagoon,Starkis,1962,3,23.8572
Curonian Lagoon,Starkis,1962,3,25.7526
Curonian Lagoon,Starkis,1962,3,21.0141
Curonian Lagoon,Starkis,1962,3,22.9095
Curonian Lagoon,Starkis,1962,3,21.9618
Curonian Lagoon,Starkis,1962,3,21.0141
Curonian Lagoon,Starkis,1962,3,22.9095
Curonian Lagoon,Starkis,1962,3,21.9618
Curonian Lagoon,Starkis,1962,3,26.7003
Curonian Lagoon,Starkis,1962,3,27.648
Curonian Lagoon,Starkis,1962,3,22.9095
Curonian Lagoon,Starkis,1962,3,21.9618
Curonian Lagoon,Starkis,1962,3,23.8572
Curonian Lagoon,Starkis,1962,3,23.8572
Curonian Lagoon,Starkis,1962,3,22.9095
Curonian Lagoon,Starkis,1962,3,27.648
Curonian Lagoon,Starkis,1962,3,21.9618
Curonian Lagoon,Starkis,1962,3,25.7526
Curonian Lagoon,Starkis,1962,3,21.9618
Curonian Lagoon,Starkis,1962,3,22.9095
Curonian Lagoon,Starkis,1962,3,26.7003
Curonian Lagoon,Starkis,1962,3,21.9618
Curonian Lagoon,Starkis,1962,3,21.0141
Curonian Lagoon,Starkis,1962,3,21.9618
Curonian Lagoon,Starkis,1962,3,23.8572
Curonian Lagoon,Starkis,1962,3,25.7526
Curonian Lagoon,Starkis,1962,3,25.7526
Curonian Lagoon,Starkis,1962,3,22.9095
Curonian Lagoon,Starkis,1962,3,22.9095
Curonian Lagoon,Starkis,1962,3,23.8572
Curonian Lagoon,Starkis,1962,3,22.9095
Curonian Lagoon,Starkis,1962,3,21.0141
Curonian Lagoon,Starkis,1962,3,24.8049
Curonian Lagoon,Starkis,1962,3,21.9618
Curonian Lagoon,Starkis,1962,3,26.7003
Curonian Lagoon,Starkis,1962,3,25.7526
Curonian Lagoon,Starkis,1962,3,21.0141
Curonian Lagoon,Starkis,1962,3,21.0141
Curonian Lagoon,Starkis,1962,3,21.0141
Curonian Lagoon,Starkis,1962,3,22.9095
Curonian Lagoon,Starkis,1962,3,23.8572
Curonian Lagoon,Starkis,1962,4,31.4388
Curonian Lagoon,Starkis,1962,4,28.5957
Curonian Lagoon,Starkis,1962,4,26.7003
Curonian Lagoon,Starkis,1962,4,31.4388
Curonian Lagoon,Starkis,1962,4,30.4911
Curonian Lagoon,Starkis,1962,4,23.8572
Curonian Lagoon,Starkis,1962,4,26.7003
Curonian Lagoon,Starkis,1962,5,33.3342
Curonian Lagoon,Starkis,1962,5,32.3865
Curonian Lagoon,Starkis,1962,6,37.125
Curonian Lagoon,Starkis,1961,3,23.8572
Curonian Lagoon,Starkis,1961,3,22.9095
Curonian Lagoon,Starkis,1961,3,22.9095
Curonian Lagoon,Starkis,1961,4,24.8049
Curonian Lagoon,Starkis,1961,5,31.4388
Curonian Lagoon,Starkis,1961,5,33.3342
Curonian Lagoon,Starkis,1961,5,32.3865
Curonian Lagoon,Starkis,1961,8,41.8635
Curonian Lagoon,Starkis,1961,8,37.125
Curonian Lagoon,Starkis,1961,8,39.9681
Curonian Lagoon,Starkis,1961,8,39.0204
Curonian Lagoon,Starkis,1961,10,49.4451
Curonian Lagoon,Starkis,1961,2,21.0141
Curonian Lagoon,Starkis,1961,3,22.9095
Curonian Lagoon,Starkis,1961,3,22.9095
Curonian Lagoon,Starkis,1961,4,26.7003
Curonian Lagoon,Starkis,1961,4,25.7526
Curonian Lagoon,Starkis,1961,4,24.8049
Curonian Lagoon,Starkis,1961,4,25.7526
Curonian Lagoon,Starkis,1961,4,25.7526
Curonian Lagoon,Starkis,1961,5,27.648
Curonian Lagoon,Starkis,1961,7,35.2296
Curonian Lagoon,Starkis,1961,9,41.8635
Curonian Lagoon,Starkis,1961,4,20.0664
Curonian Lagoon,Starkis,1961,4,20.0664
Curonian Lagoon,Starkis,1961,4,19.1187
Curonian Lagoon,Starkis,1961,4,21.0141
Curonian Lagoon,Starkis,1961,4,18.171
Curonian Lagoon,Starkis,1961,4,20.0664
Curonian Lagoon,Starkis,1961,5,24.8049
Curonian Lagoon,Starkis,1961,5,24.8049
Curonian Lagoon,Starkis,1961,6,31.4388
Curonian Lagoon,Starkis,1961,1,1.1124
Curonian Lagoon,Starkis,1961,1,0.1647
Curonian Lagoon,Starkis,1961,1,0.1647
Curonian Lagoon,Starkis,1961,2,8.694
Curonian Lagoon,Starkis,1961,2,8.694
Curonian Lagoon,Starkis,1961,2,6.7986
Curonian Lagoon,Starkis,1961,2,6.7986
Curonian Lagoon,Starkis,1961,3,17.2233
Curonian Lagoon,Starkis,1961,3,13.4325
Curonian Lagoon,Starkis,1961,4,23.8572
Curonian Lagoon,Starkis,1961,5,26.7003
Curonian Lagoon,Starkis,1961,5,26.7003
Curonian Lagoon,Starkis,1961,5,25.7526
Curonian Lagoon,Starkis,1961,5,25.7526
Curonian Lagoon,Starkis,1961,5,26.7003
Curonian Lagoon,Starkis,1961,5,27.648
Curonian Lagoon,Starkis,1961,6,32.3865
Curonian Lagoon,Starkis,1961,6,34.2819
Curonian Lagoon,Starkis,1961,6,35.2296
Curonian Lagoon,Starkis,1961,7,34.2819
Curonian Lagoon,Starkis,1961,7,36.1773
Curonian Lagoon,Starkis,1961,8,40.9158
Curonian Lagoon,Starkis,1961,8,41.8635
Curonian Lagoon,Starkis,1960,2,10.5894
Curonian Lagoon,Starkis,1960,2,12.4848
Curonian Lagoon,Starkis,1960,2,11.5371
Curonian Lagoon,Starkis,1960,2,11.5371
Curonian Lagoon,Starkis,1960,2,10.5894
Curonian Lagoon,Starkis,1960,2,8.694
Curonian Lagoon,Starkis,1960,2,11.5371
Curonian Lagoon,Starkis,1960,4,20.0664
Curonian Lagoon,Starkis,1960,5,25.7526
Curonian Lagoon,Starkis,1960,5,26.7003
Curonian Lagoon,Starkis,1960,5,26.7003
Curonian Lagoon,Starkis,1960,5,25.7526
Curonian Lagoon,Starkis,1960,5,25.7526
Curonian Lagoon,Starkis,1960,5,24.8049
Curonian Lagoon,Starkis,1960,6,26.7003
Curonian Lagoon,Starkis,1960,6,29.5434
Curonian Lagoon,Starkis,1960,6,28.5957
Curonian Lagoon,Starkis,1960,6,29.5434
Curonian Lagoon,Starkis,1960,6,31.4388
Curonian Lagoon,Starkis,1960,7,35.2296
Curonian Lagoon,Starkis,1960,7,35.2296
Curonian Lagoon,Starkis,1960,8,36.1773
Curonian Lagoon,Starkis,1959,4,20.0664
Curonian Lagoon,Starkis,1959,4,20.0664
Curonian Lagoon,Starkis,1959,4,21.0141
Curonian Lagoon,Starkis,1959,5,26.7003
Curonian Lagoon,Starkis,1959,6,25.7526
Curonian Lagoon,Starkis,1959,6,28.5957
Curonian Lagoon,Starkis,1959,6,28.5957
Curonian Lagoon,Starkis,1959,6,29.5434
Curonian Lagoon,Starkis,1959,6,29.5434
Curonian Lagoon,Starkis,1959,6,29.5434
Curonian Lagoon,Starkis,1959,6,29.5434
Curonian Lagoon,Starkis,1959,6,27.648
Curonian Lagoon,Starkis,1959,6,25.7526
Curonian Lagoon,Starkis,1959,6,27.648
Curonian Lagoon,Starkis,1959,6,28.5957
Curonian Lagoon,Starkis,1959,6,31.4388
Curonian Lagoon,Starkis,1959,6,29.5434
Curonian Lagoon,Starkis,1959,7,29.5434
Curonian Lagoon,Starkis,1959,7,30.4911
Curonian Lagoon,Starkis,1959,7,31.4388
Curonian Lagoon,Starkis,1959,7,32.3865
Curonian Lagoon,Starkis,1959,7,29.5434
Curonian Lagoon,Starkis,1959,7,30.4911
Curonian Lagoon,Starkis,1959,7,33.3342
Curonian Lagoon,Starkis,1958,4,24.8049
Curonian Lagoon,Starkis,1958,4,23.8572
Curonian Lagoon,Starkis,1958,5,24.8049
Curonian Lagoon,Starkis,1958,5,24.8049
Curonian Lagoon,Starkis,1958,5,25.7526
Curonian Lagoon,Starkis,1958,5,24.8049
Curonian Lagoon,Starkis,1958,5,24.8049
Curonian Lagoon,Starkis,1958,5,26.7003
Curonian Lagoon,Starkis,1958,6,31.4388
Curonian Lagoon,Starkis,1958,6,27.648
Curonian Lagoon,Starkis,1958,6,28.5957
Curonian Lagoon,Starkis,1958,7,40.9158
Curonian Lagoon,Starkis,1957,3,17.69715
Curonian Lagoon,Starkis,1957,4,20.54025
Curonian Lagoon,Starkis,1957,4,22.9095
Curonian Lagoon,Starkis,1957,4,20.0664
Curonian Lagoon,Starkis,1957,4,18.171
Curonian Lagoon,Starkis,1957,4,23.8572
Curonian Lagoon,Starkis,1957,4,22.9095
Curonian Lagoon,Starkis,1957,4,23.8572
Curonian Lagoon,Starkis,1957,4,22.9095
Curonian Lagoon,Starkis,1957,4,21.0141
Curonian Lagoon,Starkis,1957,4,21.48795
Curonian Lagoon,Starkis,1957,4,21.9618
Curonian Lagoon,Starkis,1957,4,21.9618
Curonian Lagoon,Starkis,1957,4,23.8572
Curonian Lagoon,Starkis,1957,4,20.54025
Curonian Lagoon,Starkis,1957,4,21.0141
Curonian Lagoon,Starkis,1957,4,18.171
Curonian Lagoon,Starkis,1957,4,22.9095
Curonian Lagoon,Starkis,1957,4,21.0141
Curonian Lagoon,Starkis,1957,4,21.9618
Curonian Lagoon,Starkis,1957,4,20.0664
Curonian Lagoon,Starkis,1957,4,23.8572
Curonian Lagoon,Starkis,1957,4,23.8572
Curonian Lagoon,Starkis,1957,4,23.8572
Curonian Lagoon,Starkis,1957,4,22.9095
Curonian Lagoon,Starkis,1957,4,21.9618
Curonian Lagoon,Starkis,1957,4,21.9618
Curonian Lagoon,Starkis,1957,4,19.1187
Curonian Lagoon,Starkis,1957,4,19.1187
Curonian Lagoon,Starkis,1957,5,26.7003
Curonian Lagoon,Starkis,1957,5,25.7526
Curonian Lagoon,Starkis,1957,5,23.8572
Curonian Lagoon,Starkis,1957,5,24.8049
Curonian Lagoon,Starkis,1957,5,25.7526
Curonian Lagoon,Starkis,1957,5,24.8049
Curonian Lagoon,Starkis,1957,5,25.7526
Curonian Lagoon,Starkis,1957,5,24.8049
Curonian Lagoon,Starkis,1957,5,27.648
Curonian Lagoon,Starkis,1957,5,24.8049
Curonian Lagoon,Starkis,1957,5,24.8049
Curonian Lagoon,Starkis,1957,6,34.2819
Curonian Lagoon,Starkis,1957,6,32.3865
Curonian Lagoon,Starkis,1957,6,35.2296
Curonian Lagoon,Starkis,1957,6,27.648
Curonian Lagoon,Starkis,1957,7,37.125
Curonian Lagoon,Starkis,1954,1,1.58625
Curonian Lagoon,Starkis,1954,2,7.7463
Curonian Lagoon,Starkis,1954,2,7.27245
Curonian Lagoon,Starkis,1954,2,6.7986
Curonian Lagoon,Starkis,1954,3,19.1187
Curonian Lagoon,Starkis,1954,3,16.74945
Curonian Lagoon,Starkis,1954,3,16.74945
Curonian Lagoon,Starkis,1954,3,15.80175
Curonian Lagoon,Starkis,1954,3,19.1187
Curonian Lagoon,Starkis,1954,3,16.2756
Curonian Lagoon,Starkis,1954,3,15.80175
Curonian Lagoon,Starkis,1954,3,17.2233
Curonian Lagoon,Starkis,1954,4,25.7526
Curonian Lagoon,Starkis,1954,5,25.7526
Curonian Lagoon,Starkis,1954,5,25.7526
Curonian Lagoon,Starkis,1954,6,31.4388
Curonian Lagoon,Starkis,1954,6,30.4911
Curonian Lagoon,Starkis,1954,6,32.3865
Curonian Lagoon,Starkis,1954,6,30.01725
Curonian Lagoon,Starkis,1954,7,39.0204
Curonian Lagoon,Starkis,1954,2,14.3802
Curonian Lagoon,Starkis,1954,2,12.4848
Curonian Lagoon,Starkis,1954,3,18.171
Curonian Lagoon,Starkis,1954,5,29.5434
Curonian Lagoon,Starkis,1954,6,34.2819
Curonian Lagoon,Starkis,1954,6,31.4388
Curonian Lagoon,Starkis,1954,6,30.4911
Curonian Lagoon,Starkis,1954,3,15.3279
Curonian Lagoon,Starkis,1954,6,29.5434
Curonian Lagoon,Starkis,1954,6,34.2819
Curonian Lagoon,Starkis,1954,2,13.4325
Curonian Lagoon,Starkis,1954,6,31.4388
Curonian Lagoon,Starkis,1954,2,12.4848
Curonian Lagoon,Starkis,1954,2,9.6417
Curonian Lagoon,Starkis,1954,3,10.5894
Curonian Lagoon,Starkis,1954,3,17.2233
Curonian Lagoon,Starkis,1954,3,17.2233
Curonian Lagoon,Starkis,1954,3,16.2756
Curonian Lagoon,Starkis,1954,3,16.2756
Curonian Lagoon,Starkis,1954,3,16.2756
Curonian Lagoon,Starkis,1954,3,18.171
Curonian Lagoon,Starkis,1954,3,17.2233
Curonian Lagoon,Starkis,1954,3,15.3279
Curonian Lagoon,Starkis,1954,3,19.59255
Curonian Lagoon,Starkis,1954,3,18.171
Curonian Lagoon,Starkis,1954,3,18.171
Curonian Lagoon,Starkis,1954,3,18.64485
Curonian Lagoon,Starkis,1954,3,17.2233
Curonian Lagoon,Starkis,1954,3,19.1187
Curonian Lagoon,Starkis,1954,4,21.9618
Curonian Lagoon,Starkis,1954,5,29.5434
Curonian Lagoon,Starkis,1954,6,30.4911
Curonian Lagoon,Starkis,1954,9,49.4451
Curonian Lagoon,Starkis,1954,4,22.43565
Curonian Lagoon,Starkis,1954,5,26.7003
Curonian Lagoon,Starkis,1954,5,24.8049
Curonian Lagoon,Starkis,1954,5,27.648
Curonian Lagoon,Starkis,1954,5,27.648
Curonian Lagoon,Starkis,1954,5,26.22645
Curonian Lagoon,Starkis,1954,6,33.3342
Curonian Lagoon,Starkis,1954,6,30.4911
Curonian Lagoon,Starkis,1954,6,30.01725
Curonian Lagoon,Starkis,1954,6,31.4388
Curonian Lagoon,Starkis,1954,6,33.3342
Curonian Lagoon,Starkis,1954,6,30.01725
Curonian Lagoon,Starkis,1954,6,30.4911
Curonian Lagoon,Starkis,1954,6,31.4388
Curonian Lagoon,Starkis,1954,6,30.4911
Curonian Lagoon,Starkis,1954,6,32.86035
Curonian Lagoon,Starkis,1954,6,31.4388
Curonian Lagoon,Starkis,1954,6,29.5434
Curonian Lagoon,Starkis,1954,6,32.3865
Curonian Lagoon,Starkis,1954,6,31.4388
Curonian Lagoon,Starkis,1954,7,36.1773
Curonian Lagoon,Starkis,1954,7,35.2296
Curonian Lagoon,Starkis,1954,8,39.0204
Curonian Lagoon,Starkis,1954,8,37.125
Curonian Lagoon,Starkis,1954,9,44.7066
Curonian Lagoon,Starkis,1955,1,11.5371
Curonian Lagoon,Starkis,1955,2,12.4848
Curonian Lagoon,Starkis,1955,2,17.2233
Curonian Lagoon,Starkis,1955,2,18.171
Curonian Lagoon,Starkis,1955,2,13.4325
Curonian Lagoon,Starkis,1955,3,23.8572
Curonian Lagoon,Starkis,1955,3,20.0664
Curonian Lagoon,Starkis,1955,3,23.8572
Curonian Lagoon,Starkis,1955,3,20.0664
Curonian Lagoon,Starkis,1955,3,22.9095
Curonian Lagoon,Starkis,1955,3,23.8572
Curonian Lagoon,Starkis,1955,4,25.7526
Curonian Lagoon,Starkis,1955,5,29.5434
Curonian Lagoon,Starkis,1955,5,30.4911
Curonian Lagoon,Starkis,1955,6,32.3865
Curonian Lagoon,Starkis,1955,6,33.3342
Curonian Lagoon,Starkis,1955,7,35.2296
Curonian Lagoon,Starkis,1955,7,39.0204
Curonian Lagoon,Starkis,1955,8,50.3928
Curonian Lagoon,Starkis,1955,8,49.4451
Curonian Lagoon,Starkis,1955,4,23.8572
Curonian Lagoon,Starkis,1955,4,23.8572
Curonian Lagoon,Starkis,1955,4,20.54025
Curonian Lagoon,Starkis,1955,4,22.9095
Curonian Lagoon,Starkis,1955,4,22.9095
Curonian Lagoon,Starkis,1955,5,27.648
Curonian Lagoon,Starkis,1955,5,26.7003
Curonian Lagoon,Starkis,1955,5,26.22645
Curonian Lagoon,Starkis,1955,5,22.9095
Curonian Lagoon,Starkis,1955,5,22.9095
Curonian Lagoon,Starkis,1955,7,39.0204
Curonian Lagoon,Starkis,1955,7,39.0204
Curonian Lagoon,Starkis,1949,2,15.61221
Curonian Lagoon,Starkis,1949,2,13.62204
Curonian Lagoon,Starkis,1949,2,13.62204
Curonian Lagoon,Starkis,1949,2,14.3802
Curonian Lagoon,Starkis,1949,2,10.68417
Curonian Lagoon,Starkis,1949,2,11.15802
Curonian Lagoon,Starkis,1949,2,13.52727
Curonian Lagoon,Starkis,1949,2,13.4325
Curonian Lagoon,Starkis,1949,2,11.06325
Curonian Lagoon,Starkis,1949,2,10.39986
Curonian Lagoon,Starkis,1949,2,10.21032
Curonian Lagoon,Starkis,1949,2,15.3279
Curonian Lagoon,Starkis,1949,2,8.694
Curonian Lagoon,Starkis,1949,2,7.7463
Curonian Lagoon,Starkis,1949,2,9.16785
Curonian Lagoon,Starkis,1949,2,12.01095
Curonian Lagoon,Starkis,1949,2,9.6417
Curonian Lagoon,Starkis,1949,2,12.95865
Curonian Lagoon,Starkis,1949,2,10.5894
Curonian Lagoon,Starkis,1949,2,7.7463
Curonian Lagoon,Starkis,1949,2,8.694
Curonian Lagoon,Starkis,1949,2,8.22015
Curonian Lagoon,Starkis,1949,2,9.6417
Curonian Lagoon,Starkis,1949,2,12.4848
Curonian Lagoon,Starkis,1949,2,8.22015
Curonian Lagoon,Starkis,1949,2,11.5371
Curonian Lagoon,Starkis,1949,2,11.82141
Curonian Lagoon,Starkis,1949,2,8.03061
Curonian Lagoon,Starkis,1949,2,4.42935
Curonian Lagoon,Starkis,1950,1,4.42935
Curonian Lagoon,Starkis,1950,1,4.9032
Curonian Lagoon,Starkis,1950,1,5.37705
Curonian Lagoon,Starkis,1950,2,13.4325
Curonian Lagoon,Starkis,1950,2,13.90635
Curonian Lagoon,Starkis,1950,2,9.6417
Curonian Lagoon,Starkis,1950,2,13.90635
Curonian Lagoon,Starkis,1950,2,11.5371
Curonian Lagoon,Starkis,1949,3,21.29841
Curonian Lagoon,Starkis,1949,3,23.38335
Curonian Lagoon,Starkis,1949,3,17.2233
Curonian Lagoon,Starkis,1949,3,17.69715
Curonian Lagoon,Starkis,1949,3,24.8049
Curonian Lagoon,Starkis,1949,3,25.7526
Curonian Lagoon,Starkis,1949,3,24.33105
Curonian Lagoon,Starkis,1949,3,24.14151
Curonian Lagoon,Starkis,1949,3,21.9618
Curonian Lagoon,Starkis,1949,3,17.69715
Curonian Lagoon,Starkis,1949,3,19.1187
Curonian Lagoon,Starkis,1949,3,20.0664
Curonian Lagoon,Starkis,1949,3,17.2233
Curonian Lagoon,Starkis,1949,3,20.0664
Curonian Lagoon,Starkis,1949,3,18.64485
Curonian Lagoon,Starkis,1949,3,21.48795
Curonian Lagoon,Starkis,1949,3,16.74945
Curonian Lagoon,Starkis,1949,3,14.85405
Curonian Lagoon,Starkis,1949,3,17.69715
Curonian Lagoon,Starkis,1949,3,23.38335
Curonian Lagoon,Starkis,1949,3,21.9618
Curonian Lagoon,Starkis,1949,3,23.8572
Curonian Lagoon,Starkis,1949,3,23.8572
Curonian Lagoon,Starkis,1949,3,20.0664
Curonian Lagoon,Starkis,1949,3,23.38335
Curonian Lagoon,Starkis,1949,3,18.171
Curonian Lagoon,Starkis,1949,3,23.8572
Curonian Lagoon,Starkis,1949,3,19.1187
Curonian Lagoon,Starkis,1949,3,25.7526
Curonian Lagoon,Starkis,1949,3,25.27875
Curonian Lagoon,Starkis,1949,3,21.0141
Curonian Lagoon,Starkis,1949,3,20.0664
Curonian Lagoon,Starkis,1949,3,22.9095
Curonian Lagoon,Starkis,1949,3,21.0141
Curonian Lagoon,Starkis,1949,3,21.9618
Curonian Lagoon,Starkis,1949,3,23.8572
Curonian Lagoon,Starkis,1950,3,20.0664
Curonian Lagoon,Starkis,1950,3,21.9618
Curonian Lagoon,Starkis,1950,3,18.171
Curonian Lagoon,Starkis,1950,3,21.0141
Curonian Lagoon,Starkis,1950,3,21.0141
Curonian Lagoon,Starkis,1950,3,14.85405
Curonian Lagoon,Starkis,1950,3,16.2756
Curonian Lagoon,Starkis,1950,3,14.3802
Curonian Lagoon,Starkis,1950,3,15.3279
Curonian Lagoon,Starkis,1950,3,18.171
Curonian Lagoon,Starkis,1950,3,17.69715
Curonian Lagoon,Starkis,1950,3,17.2233
Curonian Lagoon,Starkis,1950,3,19.1187
Curonian Lagoon,Starkis,1950,3,17.2233
Curonian Lagoon,Starkis,1950,3,21.9618
Curonian Lagoon,Starkis,1950,3,15.3279
Curonian Lagoon,Starkis,1950,3,18.171
Curonian Lagoon,Starkis,1950,3,17.2233
Curonian Lagoon,Starkis,1950,3,19.1187
Curonian Lagoon,Starkis,1950,3,24.8049
Curonian Lagoon,Starkis,1950,3,16.2756
Curonian Lagoon,Starkis,1950,3,17.2233
Curonian Lagoon,Starkis,1950,3,15.3279
Curonian Lagoon,Starkis,1950,3,17.2233
Curonian Lagoon,Starkis,1950,3,17.2233
Curonian Lagoon,Starkis,1950,3,17.2233
Curonian Lagoon,Starkis,1950,3,21.9618
Curonian Lagoon,Starkis,1950,3,17.2233
Curonian Lagoon,Starkis,1950,3,18.171
Curonian Lagoon,Starkis,1950,3,22.9095
Curonian Lagoon,Starkis,1950,3,22.9095
Curonian Lagoon,Starkis,1950,3,23.8572
Curonian Lagoon,Starkis,1950,3,21.0141
Curonian Lagoon,Starkis,1950,3,19.1187
Curonian Lagoon,Starkis,1950,3,16.74945
Curonian Lagoon,Starkis,1950,3,15.3279
Curonian Lagoon,Starkis,1950,3,15.3279
Curonian Lagoon,Starkis,1950,3,15.3279
Curonian Lagoon,Starkis,1950,3,15.3279
Curonian Lagoon,Starkis,1950,3,21.0141
Curonian Lagoon,Starkis,1950,3,19.1187
Curonian Lagoon,Starkis,1950,3,22.9095
Curonian Lagoon,Starkis,1950,3,18.171
Curonian Lagoon,Starkis,1950,3,16.74945
Curonian Lagoon,Starkis,1950,3,15.80175
Curonian Lagoon,Starkis,1950,3,12.01095
Curonian Lagoon,Starkis,1950,3,16.74945
Curonian Lagoon,Starkis,1950,3,18.171
Curonian Lagoon,Starkis,1950,3,18.171
Curonian Lagoon,Starkis,1950,3,19.1187
Curonian Lagoon,Starkis,1950,3,21.9618
Curonian Lagoon,Starkis,1950,3,23.8572
Curonian Lagoon,Starkis,1950,3,16.2756
Curonian Lagoon,Starkis,1950,3,16.74945
Curonian Lagoon,Starkis,1950,3,19.1187
Curonian Lagoon,Starkis,1949,4,30.4911
Curonian Lagoon,Starkis,1949,4,29.5434
Curonian Lagoon,Starkis,1949,4,31.4388
Curonian Lagoon,Starkis,1949,4,28.5957
Curonian Lagoon,Starkis,1949,4,32.3865
Curonian Lagoon,Starkis,1949,4,30.96495
Curonian Lagoon,Starkis,1949,4,31.91265
Curonian Lagoon,Starkis,1949,4,22.43565
Curonian Lagoon,Starkis,1949,4,28.5957
Curonian Lagoon,Starkis,1949,4,28.5957
Curonian Lagoon,Starkis,1949,4,28.78524
Curonian Lagoon,Starkis,1949,4,28.5957
Curonian Lagoon,Starkis,1949,4,27.17415
Curonian Lagoon,Starkis,1949,4,29.06955
Curonian Lagoon,Starkis,1949,4,30.39633
Curonian Lagoon,Starkis,1949,4,29.63817
Curonian Lagoon,Starkis,1949,4,30.11202
Curonian Lagoon,Starkis,1949,4,32.86035
Curonian Lagoon,Starkis,1949,4,28.12185
Curonian Lagoon,Starkis,1949,4,27.83754
Curonian Lagoon,Starkis,1949,4,32.3865
Curonian Lagoon,Starkis,1949,4,32.86035
Curonian Lagoon,Starkis,1949,4,34.75575
Curonian Lagoon,Starkis,1949,4,28.12185
Curonian Lagoon,Starkis,1949,4,21.9618
Curonian Lagoon,Starkis,1949,4,31.72311
Curonian Lagoon,Starkis,1949,4,32.3865
Curonian Lagoon,Starkis,1949,4,33.80805
Curonian Lagoon,Starkis,1949,4,31.91265
Curonian Lagoon,Starkis,1949,4,32.3865
Curonian Lagoon,Starkis,1949,4,31.91265
Curonian Lagoon,Starkis,1949,4,30.4911
Curonian Lagoon,Starkis,1949,4,30.96495
Curonian Lagoon,Starkis,1949,4,33.80805
Curonian Lagoon,Starkis,1949,4,29.06955
Curonian Lagoon,Starkis,1949,4,28.5957
Curonian Lagoon,Starkis,1949,4,29.5434
Curonian Lagoon,Starkis,1949,4,31.4388
Curonian Lagoon,Starkis,1949,4,28.5957
Curonian Lagoon,Starkis,1949,4,29.5434
Curonian Lagoon,Starkis,1949,4,34.2819
Curonian Lagoon,Starkis,1949,4,34.2819
Curonian Lagoon,Starkis,1949,4,32.3865
Curonian Lagoon,Starkis,1949,4,29.5434
Curonian Lagoon,Starkis,1950,4,31.4388
Curonian Lagoon,Starkis,1950,4,26.7003
Curonian Lagoon,Starkis,1950,4,27.648
Curonian Lagoon,Starkis,1950,4,32.3865
Curonian Lagoon,Starkis,1950,4,25.7526
Curonian Lagoon,Starkis,1950,4,25.7526
Curonian Lagoon,Starkis,1950,4,22.9095
Curonian Lagoon,Starkis,1950,4,23.8572
Curonian Lagoon,Starkis,1950,4,24.8049
Curonian Lagoon,Starkis,1950,4,24.8049
Curonian Lagoon,Starkis,1950,4,23.8572
Curonian Lagoon,Starkis,1950,4,26.7003
Curonian Lagoon,Starkis,1950,4,29.5434
Curonian Lagoon,Starkis,1950,4,31.4388
Curonian Lagoon,Starkis,1950,4,25.7526
Curonian Lagoon,Starkis,1950,4,26.7003
Curonian Lagoon,Starkis,1950,4,25.7526
Curonian Lagoon,Starkis,1950,4,24.8049
Curonian Lagoon,Starkis,1950,4,25.7526
Curonian Lagoon,Starkis,1950,4,25.7526
Curonian Lagoon,Starkis,1950,4,26.7003
Curonian Lagoon,Starkis,1950,4,25.27875
Curonian Lagoon,Starkis,1950,4,26.22645
Curonian Lagoon,Starkis,1950,4,30.01725
Curonian Lagoon,Starkis,1950,4,26.7003
Curonian Lagoon,Starkis,1949,5,39.0204
Curonian Lagoon,Starkis,1949,5,35.2296
Curonian Lagoon,Starkis,1949,5,38.0727
Curonian Lagoon,Starkis,1949,5,34.2819
Curonian Lagoon,Starkis,1949,5,36.1773
Curonian Lagoon,Starkis,1949,5,35.70345
Curonian Lagoon,Starkis,1949,5,36.1773
Curonian Lagoon,Starkis,1949,5,37.125
Curonian Lagoon,Starkis,1949,5,34.2819
Curonian Lagoon,Starkis,1949,5,39.0204
Curonian Lagoon,Starkis,1949,5,34.2819
Curonian Lagoon,Starkis,1949,5,37.59885
Curonian Lagoon,Starkis,1949,5,34.75575
Curonian Lagoon,Starkis,1949,5,38.0727
Curonian Lagoon,Starkis,1949,5,35.70345
Curonian Lagoon,Starkis,1949,5,39.0204
Curonian Lagoon,Starkis,1949,5,37.125
Curonian Lagoon,Starkis,1949,5,39.9681
Curonian Lagoon,Starkis,1949,5,37.125
Curonian Lagoon,Starkis,1949,5,38.0727
Curonian Lagoon,Starkis,1949,5,34.2819
Curonian Lagoon,Starkis,1949,5,35.2296
Curonian Lagoon,Starkis,1950,5,31.4388
Curonian Lagoon,Starkis,1950,5,40.9158
Curonian Lagoon,Starkis,1950,5,36.1773
Curonian Lagoon,Starkis,1950,5,35.2296
Curonian Lagoon,Starkis,1950,5,39.0204
Curonian Lagoon,Starkis,1950,5,37.125
Curonian Lagoon,Starkis,1950,5,34.2819
Curonian Lagoon,Starkis,1949,6,43.7589
Curonian Lagoon,Starkis,1949,6,39.0204
Curonian Lagoon,Starkis,1949,6,43.7589
Curonian Lagoon,Starkis,1949,6,45.6543
Curonian Lagoon,Starkis,1949,6,48.4974
Curonian Lagoon,Starkis,1949,6,48.4974
Curonian Lagoon,Starkis,1949,6,46.602
Curonian Lagoon,Starkis,1949,6,46.602
Curonian Lagoon,Starkis,1950,6,41.8635
Curonian Lagoon,Starkis,1949,7,50.3928
Curonian Lagoon,Starkis,1949,7,48.4974
Curonian Lagoon,Starkis,1949,7,48.4974
Curonian Lagoon,Starkis,1949,8,54.65745
